{
  "routes": [
    {
      "method": "GET",
      "path": "/tagnets",
      "handler": "Tagnet.find",
      "config": {
        "policies": []
      }
    },
    {
      "method": "GET",
      "path": "/tagnets/count",
      "handler": "Tagnet.count",
      "config": {
        "policies": []
      }
    },
    {
      "method": "GET",
      "path": "/tagnets/getOne",
      "handler": "Tagnet.findObj",
      "config": {
        "policies": []
      }
    },
    {
      "method": "GET",
      "path": "/tagnets/:AgentNumber",
      "handler": "Tagnet.findOne",
      "config": {
        "policies": []
      }
    },
    {
      "method": "POST",
      "path": "/tagnets",
      "handler": "Tagnet.create",
      "config": {
        "policies": []
      }
    },
    {
      "method": "POST",
      "path": "/tagnets/:AgentNumber",
      "handler": "Tagnet.update",
      "config": {
        "policies": []
      }
    },
    {
      "method": "POST",
      "path": "/tagnets/update",
      "handler": "Tagnet.update",
      "config": {
        "policies": []
      }
    },
    {
      "method": "DELETE",
      "path": "/tagnets/:_id",
      "handler": "Tagnet.destroy",
      "config": {
        "policies": []
      }
    }
  ]
}
