{
  "connection": "default",
  "collectionName": "tagnet",
  "info": {
    "name": "tagnet",
    "description": ""
  },
  "options": {
    "timestamps": true,
    "idAttribute": "AgentNumber"
  },
  "attributes": {
    "AgentNumber": {
      "default": "",
      "type": "string",
      "unique": true
    },
    "FirstName": {
      "default": "",
      "type": "string"
    },
    "LastName": {
      "default": "",
      "type": "string"
    },
    "Address": {
      "default": "",
      "type": "string"
    },
    "Town": {
      "default": "",
      "type": "string"
    },
    "Zip": {
      "default": "",
      "type": "integer"
    },
    "AgencyName": {
      "default": "",
      "type": "string"
    },
    "MailingAddress": {
      "default": "",
      "type": "string"
    },
    "Phone": {
      "default": "",
      "type": "string"
    },
    "Notes": {
      "default": "",
      "type": "string"
    },
    "Active": {
      "default": false,
      "type": "boolean"
    }
  }
}
